job_id,job_name
00222b2f113e43b69f5d702a9a4db7b1,
003dff4116714347b506a55f4e68c95b,启事
0058ed5ed88142e3bb4045970bcc4a72,
00e3d330c1914001b2823fffee97c076,简章
0198ab2d0692400bac3729fb33168b1c,
01b657c74979412a8642dc74bd81448d,| 学历：本科、硕士 | 月薪：面议 | 工作地区：上海市 / 市辖区 / 长宁区
0213022e8f894d9a9c5c8d208524a957,简章
0250686e394a434784e347b19244cffe,启事
02b9b40aad514df4aebc650e318772cc,——信启新程 因AI不凡
02ec09286f284a7ca5716b1d1d30074c,
04161adcca3142638423a0a9c9b2efa2,公告
04aa483097ea4593816edee43b2d249f,公告
053d75d3a3c941e8a4a318680eea553d,| 学历：本科、硕士、博士 | 月薪：10000--11999 元 | 工作地区：上海市 / 市辖区 / 浦东新区
05bab94075de4808a6b218814f7085e2,
06420c6f55b8487da12eecd265f51671,
0649ab0527bc459886f6f6da69b764b6,
064c7fe63dc44d17a0a9e35c62f21c0d,
076f00160e7249f3afa5bc5b762248d0,公告
076f01c4183145ca9da4775d3c883153,
0883f14db56f449a8afa7df8331230f9,公告
08c98257da774725844140bb37edbe9e,公告
08d91ef30f3e4e52878767bbac74d968,简章
0a78c2e7350541b9bd2d7ac47e7a6fb5,
0ad26141fd5749ca84bf60a889db4aea,岗位简章
0b42c8aa65c44a4c926160911292db02,
0b8bf6989a34408b8ec3c77c3693b6f2,
0bdfd802755e41ac8c70823b5208b47c,
0cde6788be5447d5a3d986fe160e9cb4,| 学历：本科、硕士、博士 | 月薪：面议 | 工作地区：北京市 / 市辖区 / 朝阳区
0dc2e55a4bef467193e24cd639f4162e,公告
0e1767a6daa3490da2e0c6c431f6743c,
0e4348f821b148d184b8acd2f4f9666c,
0f32504e50c54ed8a4bcff206921a421,公告
0fe440ab61ef4b158a1cb13dd4dbeef2,高层次工科人才
0febda7225624ae4a1a81f18b64357fd,| 学历：本科、硕士、博士 | 月薪：面议 | 工作地区：上海市 / 市辖区 / 浦东新区
11df2513847f4f57876a109e5bc2de26,全面启动！
1204ba1651554babaa63f86021fc4887,公告
132ed3bdd96745e5ac375e6a19a1a106,| 学历：本科、硕士、博士 | 月薪：面议 | 工作地区：广东省 / 深圳市
13a5f680c105484c9cebfd5e44519cca,
13c48112c25644518021f6ce5913c6b3,
14d96deca1f44df592642046f3e62012,公告
16121a3b32134d12a2c447cb4b84a103,人事代理人员公告
165f7a181f624265a39c5d877c045a76,简章
16ae3ce1b485444fa95a98d72b79022e,
16f73b7953b143059b8877f4f124ed30,简章
1768325beded4e9c9518236b6b0e85ed,
17e4df2518a147a38901cc17d203b2fb,
187fbf3e2670456d907fe80d12d39c8d,公告
18be5b0c109f428394fbd3f56cf4fe08,
1b860a0530f84dfd98ae675ed89f0eb9,| 学历：本科、硕士 | 月薪：面议 | 工作地区：北京市 / 市辖区 / 海淀区
1ca3ac65dac34fcc880ee4f5176079c5,
1ceec30132b540ed888bf3ab4b19c7eb,
1d4fd6aa237b46c68fba065f750f1891,正式启动！
1db6f7890881419c899e76ff284fc0bd,| 学历：本科、硕士、博士 | 月薪：面议 | 工作地区：上海市 / 市辖区 / 浦东新区
1edee75bdb144c268eb0b8e9b285318d,
1f53ce12c0054c389d14433c4e1569da,| 学历：本科 | 月薪：面议 | 工作地区：北京市
1f7b42d550f44e45bc5f07c857c5bdb3,| 学历：本科、硕士 | 月薪：面议 | 工作地区：北京市 / 市辖区
1fa4b42639864d90a409fc773cafec44,
1fb9ff828e0c4ca6b3abab513917b57e,| 学历：本科、硕士、博士 | 月薪：面议 | 工作地区：上海市
1fe83bc384ec4f0592d16d62a61613a7,公告
20240e2218e842a7af761c4ac845c2bb,| 学历：本科、硕士 | 月薪：面议 | 工作地区：北京市 / 市辖区 / 海淀区
20363adc4eef4b1b94a91bc8300213db,公告
20d1ce6ba7c14799841fcbfe29c677c8,正式启动
2127b9806e4742098b48226872128a4f,
21790d3eb81c4308b72eae30c3200e19,
21ac63e27b2742f7be4f543ae9fdf499,| 学历：本科、硕士、博士 | 月薪：面议 | 工作地区：云南省 / 昆明市
2272633741324cad83c57939cb5da065,
229e9aacfed04949bfd475e4ad934f30,
236d784e379041abb257ee79f532b38a,
23f61e34fb93480eba2fb76bbf690bb4,
245b85d0cd19419db0a0d58853100b35,
24ffedc8aed24b03b7f126a8a20f45d9,| 学历：本科、硕士、博士 | 月薪：面议 | 工作地区：北京市 / 市辖区 / 海淀区
2528237621f84a948424a884abe7cb38,
25e6ee225bc743d69f5cea4c769e7cb2,
26072974adae4578a5630f5381ab5d52,
26a02fd3021d4cdc8415aa691c9bc8f2,
271c0274ee6f4879b697be7f6398ebd3,公告
27a5ae77f7ea41dfacec84ed1000ceb9,火热开启
27f4e549-f5a4-11ef-a337-0242ac120005,财务管培生
27fce9a1-f5a4-11ef-a337-0242ac120005,项目工程师（机械/自动化）
27fcec32-f5a4-11ef-a337-0242ac120005,设计工程师（25届）
27fcefa6-f5a4-11ef-a337-0242ac120005,产品工程师（25届）
27fcf42f-f5a4-11ef-a337-0242ac120005,标题：总部设计培训生（产品设计、硬装设计、软装设计）
27fcf6b4-f5a4-11ef-a337-0242ac120005,品质工程师（25届）
27fcf90f-f5a4-11ef-a337-0242ac120005,工艺工程师（25届）
27fcfd97-f5a4-11ef-a337-0242ac120005,标题：办公销售
27fcffd4-f5a4-11ef-a337-0242ac120005,研发工程师
27fd023e-f5a4-11ef-a337-0242ac120005,水利工程设计人员
27fd070a-f5a4-11ef-a337-0242ac120005,移动10086接听客服
27fd094a-f5a4-11ef-a337-0242ac120005,制剂研发（派尼生物）
27fd0e23-f5a4-11ef-a337-0242ac120005,标题：总部营销管理预备生
27fd104c-f5a4-11ef-a337-0242ac120005,营养师
27fd1510-f5a4-11ef-a337-0242ac120005,建筑工程岗
27fd1844-f5a4-11ef-a337-0242ac120005,标题：销售专员
27fd1d2b-f5a4-11ef-a337-0242ac120005,养殖生产岗
27fd1f46-f5a4-11ef-a337-0242ac120005,标题：电话客服
27fd25ff-f5a4-11ef-a337-0242ac120005,标题：客服
27fd35d9-f5a4-11ef-a337-0242ac120005,技术人员
27fd3d23-f5a4-11ef-a337-0242ac120005,绿化工
27fd4040-f5a4-11ef-a337-0242ac120005,高速公路收费员（包食宿）
27fd4509-f5a4-11ef-a337-0242ac120005,暖通设计师
27fd4a51-f5a4-11ef-a337-0242ac120005,标题：广州外贸跟单员
27fd4eac-f5a4-11ef-a337-0242ac120005,毫米波雷达信号处理工程师（点云算法）
27fd622d-f5a4-11ef-a337-0242ac120005,研发工程师（25届）
27fd6495-f5a4-11ef-a337-0242ac120005,标题：市场运营
27fd676c-f5a4-11ef-a337-0242ac120005,技工
27fd6c1f-f5a4-11ef-a337-0242ac120005,车间技工/技术员
27fd6e56-f5a4-11ef-a337-0242ac120005,生产技术员
27fd706e-f5a4-11ef-a337-0242ac120005,储备主管
27fd76b1-f5a4-11ef-a337-0242ac120005,标题：高中语文老师
27fd7fbd-f5a4-11ef-a337-0242ac120005,简章
27fd8c6c-f5a4-11ef-a337-0242ac120005,标题：道法教师（接受顶岗实习生）
27fd9287-f5a4-11ef-a337-0242ac120005,回收技术员
27fd9708-f5a4-11ef-a337-0242ac120005,文员
27fd9a6e-f5a4-11ef-a337-0242ac120005,实验室技术员——虚位以待，职等你来
27fda43a-f5a4-11ef-a337-0242ac120005,储备干部
27fda8f5-f5a4-11ef-a337-0242ac120005,生产操作工
27fdb28c-f5a4-11ef-a337-0242ac120005,助理模具设计/项目工程师
27fdbb30-f5a4-11ef-a337-0242ac120005,电子研发助理工程师
27fdc07f-f5a4-11ef-a337-0242ac120005,国际专员
27fdcb24-f5a4-11ef-a337-0242ac120005,标题：行政会议接待
27fdd406-f5a4-11ef-a337-0242ac120005,销售内勤
27fddea7-f5a4-11ef-a337-0242ac120005,外贸业务员
27fde850-f5a4-11ef-a337-0242ac120005,生产技能岗位
27fdec3c-f5a4-11ef-a337-0242ac120005,销售总监
27fdf93e-f5a4-11ef-a337-0242ac120005,心理咨询师
27fe006f-f5a4-11ef-a337-0242ac120005,核电运行/维修/技术类岗位，抽水蓄能类岗位
27fe055a-f5a4-11ef-a337-0242ac120005,航海工程系教师
27fe0bb7-f5a4-11ef-a337-0242ac120005,轮机工程系教师
27fe1605-f5a4-11ef-a337-0242ac120005,建筑工程技术教师
27fe1ad5-f5a4-11ef-a337-0242ac120005,人事专员
27fe20ed-f5a4-11ef-a337-0242ac120005,公共体育部教师
27fe25cc-f5a4-11ef-a337-0242ac120005,输电电气设计
27fe2bd1-f5a4-11ef-a337-0242ac120005,信息技术系教师
27fe30b9-f5a4-11ef-a337-0242ac120005,网络安全技术科主管
27fe3a48-f5a4-11ef-a337-0242ac120005,标题：运维工程师
27fe43ed-f5a4-11ef-a337-0242ac120005,航空器动力系教师
27fe5412-f5a4-11ef-a337-0242ac120005,航空机电系教师
27fe591d-f5a4-11ef-a337-0242ac120005,电话邀约员
27fe5d36-f5a4-11ef-a337-0242ac120005,中医医生
27fe623b-f5a4-11ef-a337-0242ac120005,辅导员
27fe6725-f5a4-11ef-a337-0242ac120005,护士
27fe6b3f-f5a4-11ef-a337-0242ac120005,储备干部
27fe7041-f5a4-11ef-a337-0242ac120005,新能源汽车技术系教师
27fe7513-f5a4-11ef-a337-0242ac120005,管道技术员
27fe7b48-f5a4-11ef-a337-0242ac120005,中移在线10086热线客服专员
27fe829c-f5a4-11ef-a337-0242ac120005,标题：项目经理
27fe8861-f5a4-11ef-a337-0242ac120005,新媒体运营
27fe91cb-f5a4-11ef-a337-0242ac120005,会计
27fe9c55-f5a4-11ef-a337-0242ac120005,标题：电子商务专业实习生
27fea795-f5a4-11ef-a337-0242ac120005,浆站财务BP
27feac63-f5a4-11ef-a337-0242ac120005,销售经理
27feb280-f5a4-11ef-a337-0242ac120005,百度（绵阳）营销顾问 六险一金
27feb6d9-f5a4-11ef-a337-0242ac120005,百度（眉山）营销顾问 六险一金
27feff5d-f5a4-11ef-a337-0242ac120005,百度（德阳）营销顾问 六险一金
27ff0788-f5a4-11ef-a337-0242ac120005,标题：百度网络营销顾问
27ff0d94-f5a4-11ef-a337-0242ac120005,百度网络营销顾问（宜宾）
27ff1442-f5a4-11ef-a337-0242ac120005,广告投放   销售专员+六险一金
27ff1911-f5a4-11ef-a337-0242ac120005,内江百度推广+六险一金
27ff23fa-f5a4-11ef-a337-0242ac120005,研发员
27ff3972-f5a4-11ef-a337-0242ac120005,中控员
27ff41c1-f5a4-11ef-a337-0242ac120005,市场营销部总监助理
27ff5e20-f5a4-11ef-a337-0242ac120005,业务员
27ff65e3-f5a4-11ef-a337-0242ac120005,管培生-生产主管
27ff7a38-f5a4-11ef-a337-0242ac120005,管培生-食品/饮料研发
27ff7f04-f5a4-11ef-a337-0242ac120005,讲解员
27ff92e5-f5a4-11ef-a337-0242ac120005,财务管培生
280093e7-f5a4-11ef-a337-0242ac120005,家装网络顾问
28009bf0-f5a4-11ef-a337-0242ac120005,家装客户经理
2800a065-f5a4-11ef-a337-0242ac120005,工艺工程师
2800a57f-f5a4-11ef-a337-0242ac120005,护理专业教师
2800ae13-f5a4-11ef-a337-0242ac120005,康复治疗技术专业教师
2800b2e9-f5a4-11ef-a337-0242ac120005,电气/锅炉/热工调试技术员
2800b75c-f5a4-11ef-a337-0242ac120005,资料员，保管员
2800c53f-f5a4-11ef-a337-0242ac120005,实习生-安全/健康/环境
2800c98a-f5a4-11ef-a337-0242ac120005,算法工程师
2800d295-f5a4-11ef-a337-0242ac120005,销售专员
2800d73b-f5a4-11ef-a337-0242ac120005,实习生-食品质量
2800ed1f-f5a4-11ef-a337-0242ac120005,机械设计
2800f601-f5a4-11ef-a337-0242ac120005,车险客户服务岗
280102e1-f5a4-11ef-a337-0242ac120005,技术支持
28010c5e-f5a4-11ef-a337-0242ac120005,标题：高中化学教师
280115e8-f5a4-11ef-a337-0242ac120005,采购助理
28011ea4-f5a4-11ef-a337-0242ac120005,茶艺管培生
280122ff-f5a4-11ef-a337-0242ac120005,设备维修员
2801276f-f5a4-11ef-a337-0242ac120005,标题：高中政治教师
2801303c-f5a4-11ef-a337-0242ac120005,标题：实习生
28013586-f5a4-11ef-a337-0242ac120005,跨境电商运营
28013b1b-f5a4-11ef-a337-0242ac120005,管理培训生（生产、质量、设备）
28013fc2-f5a4-11ef-a337-0242ac120005,模具学徒工
28014419-f5a4-11ef-a337-0242ac120005,EDM机台操作员
2801494f-f5a4-11ef-a337-0242ac120005,CNC编程工程师
28015516-f5a4-11ef-a337-0242ac120005,软件工程师
2801586d-f5a4-11ef-a337-0242ac120005,采购助理
28015e72-f5a4-11ef-a337-0242ac120005,环保助理工程师
280166b8-f5a4-11ef-a337-0242ac120005,公证员助理
28016b3c-f5a4-11ef-a337-0242ac120005,标题：项目执行助理（长沙）
28016f92-f5a4-11ef-a337-0242ac120005,标题：项目支持助理（长春）
28017392-f5a4-11ef-a337-0242ac120005,标题：项目执行助理（西安）
2801778d-f5a4-11ef-a337-0242ac120005,标题：雇主品牌策划助理（南京实习）
28017b90-f5a4-11ef-a337-0242ac120005,标题：项目经理助理（英语类）
28017faa-f5a4-11ef-a337-0242ac120005,标题：项目经理助理（实习生-武汉）
280183cf-f5a4-11ef-a337-0242ac120005,标题：项目支持助理（天津）
280188a1-f5a4-11ef-a337-0242ac120005,标题：项目执行助理（青岛）
28018cd9-f5a4-11ef-a337-0242ac120005,标题：项目支持助理（合肥）
280190eb-f5a4-11ef-a337-0242ac120005,标题：雇主品牌策划助理（实习生-西安）
28019429-f5a4-11ef-a337-0242ac120005,标题：项目经理助理（天津）
28019830-f5a4-11ef-a337-0242ac120005,标题：项目支持助理（武汉策划方向）
28019c73-f5a4-11ef-a337-0242ac120005,标题：项目支持助理（大连）
2801a08b-f5a4-11ef-a337-0242ac120005,标题：项目支持助理（福州）
2801a47b-f5a4-11ef-a337-0242ac120005,标题：项目执行助理（郑州）
2801a86b-f5a4-11ef-a337-0242ac120005,标题：项目执行助理（天津）
2801ad1b-f5a4-11ef-a337-0242ac120005,标题：项目支持助理（采购）
2801b13f-f5a4-11ef-a337-0242ac120005,标题：项目经理助理（实习生-成都）
2801b518-f5a4-11ef-a337-0242ac120005,标题：项目执行助理（长春）
2801b912-f5a4-11ef-a337-0242ac120005,标题：项目支持助理（北京）
2801c40f-f5a4-11ef-a337-0242ac120005,标题：产品验证实习生-模拟电路设计工具
2801cb56-f5a4-11ef-a337-0242ac120005,标题：AI全栈工程实习生
2801cfdf-f5a4-11ef-a337-0242ac120005,标题：校园大使招募（深圳大学/南方科技大学）
2801ddd9-f5a4-11ef-a337-0242ac120005,标题：DFT实习生
2801e522-f5a4-11ef-a337-0242ac120005,标题：新媒体专员，小白可带，包食宿，公司福利齐
2801ebe9-f5a4-11ef-a337-0242ac120005,标题：国际合作拓展实习生
2801eef3-f5a4-11ef-a337-0242ac120005,标题：上市公司实习生（5000底薪＋五险一金）
280204cf-f5a4-11ef-a337-0242ac120005,标题：实习生/应届生
28020934-f5a4-11ef-a337-0242ac120005,标题：跨境电商运营实习生（双休）
28020d7a-f5a4-11ef-a337-0242ac120005,标题：视觉设计-实习
280211a5-f5a4-11ef-a337-0242ac120005,标题：核算专员
28021c47-f5a4-11ef-a337-0242ac120005,标题：内容运营实习生(J82579)
280225bc-f5a4-11ef-a337-0242ac120005,标题：国际业务中心HRBP实习生
280230da-f5a4-11ef-a337-0242ac120005,标题：平面设计实习生（高新区+周末双休）
280233e2-f5a4-11ef-a337-0242ac120005,标题：渗透实习生-南京
28024b2b-f5a4-11ef-a337-0242ac120005,标题：财务人事专员
2802590c-f5a4-11ef-a337-0242ac120005,标题：设计师实习生(J10241)
28025e4a-f5a4-11ef-a337-0242ac120005,标题：2月即将结束啦 还在找工作吗
280261b3-f5a4-11ef-a337-0242ac120005,标题：行政前台 纯坐班
280269c4-f5a4-11ef-a337-0242ac120005,标题：电商运营助理（可接受实习）
28026d91-f5a4-11ef-a337-0242ac120005,标题：图像标注助理（本周到岗/2周/实习证明)
280276c4-f5a4-11ef-a337-0242ac120005,标题：国企保底4200招实习生+包住宿
28027ad2-f5a4-11ef-a337-0242ac120005,标题：题库实习生（可线上办公）
28027ef7-f5a4-11ef-a337-0242ac120005,标题：项目管培生
28028785-f5a4-11ef-a337-0242ac120005,标题：IMT（国际管培生）
28028bef-f5a4-11ef-a337-0242ac120005,标题：内容审核实习生
2802903d-f5a4-11ef-a337-0242ac120005,标题：测试实习生（26届）
2802948d-f5a4-11ef-a337-0242ac120005,标题：【Laptop业务】软件测试实习生
28029c9e-f5a4-11ef-a337-0242ac120005,标题：股票市场研究助理（实习生）
2802a4c2-f5a4-11ef-a337-0242ac120005,标题：伊利2025年校招-人力专训生（冷饮）
2802ab0a-f5a4-11ef-a337-0242ac120005,标题：用户运营实习生 (MJ003387)
2802aef7-f5a4-11ef-a337-0242ac120005,标题：礼仪接待（双休）
2802b346-f5a4-11ef-a337-0242ac120005,实习生——淘天集团
2802bf8b-f5a4-11ef-a337-0242ac120005,标题：金融社群运营实习生
2802c3ee-f5a4-11ef-a337-0242ac120005,标题：国内电商客服
2802c82b-f5a4-11ef-a337-0242ac120005,标题：实习生文员+有转正机会
2802e0b7-f5a4-11ef-a337-0242ac120005,标题：机器人测试开发工程师
2802e542-f5a4-11ef-a337-0242ac120005,标题：【校招】业务bp
2802f05d-f5a4-11ef-a337-0242ac120005,标题：产品设计实习生-抖音
2803012d-f5a4-11ef-a337-0242ac120005,标题：大模型推理加速工程师-有北京落户机会
2803098e-f5a4-11ef-a337-0242ac120005,标题：数据标注/AI训练师实习生
28030d66-f5a4-11ef-a337-0242ac120005,标题：储备项目经理（实施工程师）（J15091）
2803158e-f5a4-11ef-a337-0242ac120005,安检护卫保障部
28031eb3-f5a4-11ef-a337-0242ac120005,客运值机专员
28032367-f5a4-11ef-a337-0242ac120005,项目助理
280327ae-f5a4-11ef-a337-0242ac120005,项目助理
28032bcc-f5a4-11ef-a337-0242ac120005,项目助理
28033000-f5a4-11ef-a337-0242ac120005,检验员（理化检测）
280335f2-f5a4-11ef-a337-0242ac120005,公告
28033eca-f5a4-11ef-a337-0242ac120005,公告
28034392-f5a4-11ef-a337-0242ac120005,寒假工月8K成都跑外卖
28034c9e-f5a4-11ef-a337-0242ac120005,焊接 数控 模具 机电理工类实习生 周结算 月结清 签署实习证明
28035374-f5a4-11ef-a337-0242ac120005,温州班课教师
28035a20-f5a4-11ef-a337-0242ac120005,标题：业务管培生（25届春招）
2803660e-f5a4-11ef-a337-0242ac120005,标题：少儿编程学习顾问（专业不限）
28036acf-f5a4-11ef-a337-0242ac120005,课程顾问
28036f4f-f5a4-11ef-a337-0242ac120005,标题：学习顾问
2803752b-f5a4-11ef-a337-0242ac120005,辅导老师
28037a14-f5a4-11ef-a337-0242ac120005,综合岗（在家在校就可实习）
280383c1-f5a4-11ef-a337-0242ac120005,会计
28038b24-f5a4-11ef-a337-0242ac120005,标题：会服助理
28039957-f5a4-11ef-a337-0242ac120005,前台
2803a183-f5a4-11ef-a337-0242ac120005,继电保护助理工程师
2803a546-f5a4-11ef-a337-0242ac120005,汽车总装装配实习生
2803ac48-f5a4-11ef-a337-0242ac120005,营销岗-应届本科毕业生（链家总部直聘）
2803b195-f5a4-11ef-a337-0242ac120005,智能化平台操作人员
2803b6bf-f5a4-11ef-a337-0242ac120005,提供住宿接受应届生银行客服专员
2803c904-f5a4-11ef-a337-0242ac120005,工业机器人调试工程师
2803ce22-f5a4-11ef-a337-0242ac120005,申论讲师
2803d3d6-f5a4-11ef-a337-0242ac120005,行测理讲师
2803d98b-f5a4-11ef-a337-0242ac120005,网络营销专员，五险一金
2803de06-f5a4-11ef-a337-0242ac120005,综合岗2人
2803e27d-f5a4-11ef-a337-0242ac120005,小游戏测试助理
2803ea42-f5a4-11ef-a337-0242ac120005,标题：文员（文案策划方向）
2803ee58-f5a4-11ef-a337-0242ac120005,助理（策划、采编方向
2803f4a6-f5a4-11ef-a337-0242ac120005,标题：行政文员
2803fa5d-f5a4-11ef-a337-0242ac120005,标题：2025届营销培训生
28040065-f5a4-11ef-a337-0242ac120005,营销拓展
2804050a-f5a4-11ef-a337-0242ac120005,策划采编
28041577-f5a4-11ef-a337-0242ac120005,标题：高分子材料技术专家
28042ae6-f5a4-11ef-a337-0242ac120005,标题：营养管培生（营养专家方向）
28042f26-f5a4-11ef-a337-0242ac120005,标题：畜牧管培生（牧场管理方向）
2804435b-f5a4-11ef-a337-0242ac120005,公告
2804501d-f5a4-11ef-a337-0242ac120005,标题：银行面审经理助理
2804547a-f5a4-11ef-a337-0242ac120005,标题：国企银行 长白班 入职五险一金双休
280458c0-f5a4-11ef-a337-0242ac120005,标题：银行客户经理（月薪三万）
280462bb-f5a4-11ef-a337-0242ac120005,标题：银行资料面审员
28046a41-f5a4-11ef-a337-0242ac120005,标题：BIM机电工程师助理（数字科技公司）
28047789-f5a4-11ef-a337-0242ac120005,标题：麻醉医生
28048f8f-f5a4-11ef-a337-0242ac120005,标题：大兴安岭分公司新林分公司政企行业客户经理
28049498-f5a4-11ef-a337-0242ac120005,标题：大兴安岭分公司政企事业部政企行业客户经理
28049aea-f5a4-11ef-a337-0242ac120005,标题：大兴安岭分公司呼玛分公司政企行业客户经理
2804a25e-f5a4-11ef-a337-0242ac120005,标题：黑河分公司逊克分公司政企客户经理
2804a5b6-f5a4-11ef-a337-0242ac120005,标题：黑河分公司政企事业部政企客户经理
2804aaa9-f5a4-11ef-a337-0242ac120005,标题：黑河分公司孙吴分公司政企客户经理
2804ada5-f5a4-11ef-a337-0242ac120005,标题：黑河分公司逊克分公司专线及云网业务支撑
2804b28d-f5a4-11ef-a337-0242ac120005,标题：黑河分公司市场经营部大数据管理
2804b69f-f5a4-11ef-a337-0242ac120005,标题：鹤岗分公司市场经营部大数据管理
2804bb97-f5a4-11ef-a337-0242ac120005,标题：七台河分公司网络部网络优化中心无线网运行维护
2804bfee-f5a4-11ef-a337-0242ac120005,标题：七台河分公司网络部网络维护中心传输网运行维护
2804c81f-f5a4-11ef-a337-0242ac120005,标题：伊春分公司友好区分公司政企客户经理
2804cc0b-f5a4-11ef-a337-0242ac120005,标题：伊春分公司金林区分公司网格经理
2804d03e-f5a4-11ef-a337-0242ac120005,标题：伊春分公司汤旺县分公司政企客户经理
2804d437-f5a4-11ef-a337-0242ac120005,标题：伊春分公司政企事业部政企行业客户经理
2804d93a-f5a4-11ef-a337-0242ac120005,标题：伊春分公司政企事业部政企业务管理
2804df45-f5a4-11ef-a337-0242ac120005,标题：伊春分公司市场经营部大数据管理
2804e42e-f5a4-11ef-a337-0242ac120005,标题：双鸭山分公司饶河分公司政企客户经理
2804e89e-f5a4-11ef-a337-0242ac120005,标题：双鸭山分公司友谊分公司政企客户经理
2804ee0c-f5a4-11ef-a337-0242ac120005,标题：双鸭山分公司宝清分公司政企客户经理
2804f258-f5a4-11ef-a337-0242ac120005,标题：双鸭山分公司网络部家客业务支撑
2804f6d0-f5a4-11ef-a337-0242ac120005,标题：双鸭山分公司政企事业部政企行业客户经理
2804fb37-f5a4-11ef-a337-0242ac120005,标题：双鸭山分公司市场经营部大数据管理
2805029f-f5a4-11ef-a337-0242ac120005,标题：鸡西分公司城子河区分公司政企客户经理
28050824-f5a4-11ef-a337-0242ac120005,标题：鸡西分公司梨树区分公司政企客户经理
28050c77-f5a4-11ef-a337-0242ac120005,标题：鸡西分公司市场经营部大数据管理
280510ab-f5a4-11ef-a337-0242ac120005,标题：鸡西分公司网络部客户响应中心业务支持
2805179b-f5a4-11ef-a337-0242ac120005,标题：绥化分公司政企事业部重要客户中心政企行业客户经理
28051a83-f5a4-11ef-a337-0242ac120005,标题：绥化分公司绥化场经营部大数据管理
28052198-f5a4-11ef-a337-0242ac120005,标题：证券/期货研究员
28052cb3-f5a4-11ef-a337-0242ac120005,标题：ios软件开发工程师
280531dd-f5a4-11ef-a337-0242ac120005,标题：安卓软件开发工程师
28053964-f5a4-11ef-a337-0242ac120005,标题：大庆分公司杜蒙分公司政企客户部政企客户经理
2805440c-f5a4-11ef-a337-0242ac120005,标题：机电安装工程师
28054844-f5a4-11ef-a337-0242ac120005,标题：俄语商务专员
28055031-f5a4-11ef-a337-0242ac120005,标题：大庆分公司综合部普法管理
28055440-f5a4-11ef-a337-0242ac120005,标题：佳木斯分公司抚远分公司政企客户部政企客户经理
28055979-f5a4-11ef-a337-0242ac120005,标题：佳木斯分公司市场经营部大数据管理
28055dcc-f5a4-11ef-a337-0242ac120005,标题：牡丹江分公司政企事业部政企行业客户经理
280562fb-f5a4-11ef-a337-0242ac120005,标题：佳木斯分公司综合部普法管理
2805666d-f5a4-11ef-a337-0242ac120005,标题：牡丹江分公司市场经营部大数据管理
28056a87-f5a4-11ef-a337-0242ac120005,标题：齐齐哈尔分公司碾子山区分公司政企解决方案经理
28056ebe-f5a4-11ef-a337-0242ac120005,标题：齐齐哈尔分公司泰来分公司政企行业客户经理
280573d6-f5a4-11ef-a337-0242ac120005,标题：哈尔滨分公司依兰分公司政企客户经理
280578a0-f5a4-11ef-a337-0242ac120005,标题：哈尔滨分公司方正分公司政企客户经理
28057da7-f5a4-11ef-a337-0242ac120005,标题：哈尔滨分公司延寿分公司政企客户经理
280582f9-f5a4-11ef-a337-0242ac120005,标题：哈尔滨分公司肇东分公司政企客户经理
28058bb5-f5a4-11ef-a337-0242ac120005,标题：哈尔滨分公司通河分公司政企客户经理
28059017-f5a4-11ef-a337-0242ac120005,标题：蔚蓝传动（北京）科技有限公司
2805978b-f5a4-11ef-a337-0242ac120005,标题：蔚蓝传动（北京）科技有限公司
28059ae2-f5a4-11ef-a337-0242ac120005,标题：助理硬件/软件工程师
28059f45-f5a4-11ef-a337-0242ac120005,标题：电话销售/福利补贴/五险一金(J29416)
2805ad0b-f5a4-11ef-a337-0242ac120005,标题：咨询助理（无锡） J14996
2805b121-f5a4-11ef-a337-0242ac120005,标题：惠东县委政法委文秘助理
2805b433-f5a4-11ef-a337-0242ac120005,信息
2805bf98-f5a4-11ef-a337-0242ac120005,标题：生产运营管培生
2805c4af-f5a4-11ef-a337-0242ac120005,标题：办公室实习岗位
2805d0a1-f5a4-11ef-a337-0242ac120005,标题：储备项目助理（J15105）
2805d646-f5a4-11ef-a337-0242ac120005,标题：AI数据处理实习生
2805d994-f5a4-11ef-a337-0242ac120005,标题：水利工程设计（高级工程师）
2805dd7f-f5a4-11ef-a337-0242ac120005,标题：现场工艺助理工程师
2805e194-f5a4-11ef-a337-0242ac120005,标题：储备项目经理（J15102）
2805e699-f5a4-11ef-a337-0242ac120005,标题：冷链物流经理
2805eab9-f5a4-11ef-a337-0242ac120005,标题：大数据开发工程师 J15065
2805ef5e-f5a4-11ef-a337-0242ac120005,标题：储备项目经理（J5099）
2805f9d3-f5a4-11ef-a337-0242ac120005,标题：Java开发工程师 J15236
2805fe05-f5a4-11ef-a337-0242ac120005,标题：hrbp实习生（长期实习，表现优异可转正）
2806026d-f5a4-11ef-a337-0242ac120005,标题：储备项目经理（J15101）
280606a1-f5a4-11ef-a337-0242ac120005,标题：解决方案工程师 J15090
28060bef-f5a4-11ef-a337-0242ac120005,标题：储备项目经理（实施工程师）（J15203）
2806100b-f5a4-11ef-a337-0242ac120005,标题：IT开发与系统运营（省公司）
28061506-f5a4-11ef-a337-0242ac120005,标题：客户管理
2806249d-f5a4-11ef-a337-0242ac120005,标题：通信网络运营（省公司）
28062a37-f5a4-11ef-a337-0242ac120005,标题：动力电源（省公司）
28062eaa-f5a4-11ef-a337-0242ac120005,标题：政企解决方案经理（省公司）
2806348f-f5a4-11ef-a337-0242ac120005,标题：IT开发与系统运营（合肥市区）
28063892-f5a4-11ef-a337-0242ac120005,标题：通信网络运营（合肥市区）
28063e19-f5a4-11ef-a337-0242ac120005,标题：大客户销售管培生
280644d2-f5a4-11ef-a337-0242ac120005,标题：客户经理（合肥市区营销中心）
28064852-f5a4-11ef-a337-0242ac120005,标题：算法工程师（大模型）-金种子（广州）
28064c58-f5a4-11ef-a337-0242ac120005,标题：AI产品架构岗-金种子（北京）
280650bd-f5a4-11ef-a337-0242ac120005,标题：AI工程师（视频大模型方向）-金种子（深圳）
2806552d-f5a4-11ef-a337-0242ac120005,标题：算法工程师（深度学习）-金种子（深圳）
280659a4-f5a4-11ef-a337-0242ac120005,标题：算法工程师（办公大模型方向）-金种子（北京）
28065f7b-f5a4-11ef-a337-0242ac120005,标题：软件开发工程师（智能体）-金种子（北京）
28066bcf-f5a4-11ef-a337-0242ac120005,标题：算法工程师（深度学习）-金种子（北京）
280670a9-f5a4-11ef-a337-0242ac120005,标题：AI工程师-金种子（广州）
2806763e-f5a4-11ef-a337-0242ac120005,标题：AI工程师（计算机视觉与AI对抗）-金种子（深圳）
28067add-f5a4-11ef-a337-0242ac120005,标题：数据库研发工程师-金种子（北京）
28068120-f5a4-11ef-a337-0242ac120005,标题：IT开发与系统运营（淮北市区）
28068549-f5a4-11ef-a337-0242ac120005,标题：AI开发工程师（智能体方向）-金种子（深圳）
28068f45-f5a4-11ef-a337-0242ac120005,标题：架构设计工程师-金种子（深圳）
28069b1d-f5a4-11ef-a337-0242ac120005,标题：平台开发工程师-金种子（北京）
28069f6b-f5a4-11ef-a337-0242ac120005,标题：新一代ERP研发工程师-金种子（北京）
2806a3f3-f5a4-11ef-a337-0242ac120005,标题：AI开发工程师（技术创新与挖掘）-金种子（北京）
2806aa03-f5a4-11ef-a337-0242ac120005,标题：研发工程师（业务支撑系统开发）-金种子（北京）
2806aedb-f5a4-11ef-a337-0242ac120005,标题：大模型算法工程师-金种子（北京）
2806b2f9-f5a4-11ef-a337-0242ac120005,标题：数据模型研发工程师-金种子（北京）
2806b9ae-f5a4-11ef-a337-0242ac120005,标题：大数据平台开发工程师-金种子（北京）
2806be58-f5a4-11ef-a337-0242ac120005,标题：通信网络运营（淮北市区）
2806cafb-f5a4-11ef-a337-0242ac120005,标题：耳鼻咽喉科
2806d441-f5a4-11ef-a337-0242ac120005,标题：心血管内科（需介入）
2806f14f-f5a4-11ef-a337-0242ac120005,标题：高薪日结420一天京东家政 室内清洁
2806f91d-f5a4-11ef-a337-0242ac120005,标题：IT开发与系统运营（阜阳市区）
2806fd6a-f5a4-11ef-a337-0242ac120005,标题：通信网络运营（滁州市区）
280701bd-f5a4-11ef-a337-0242ac120005,标题：小白5k周结薪资电话客服
28070f3f-f5a4-11ef-a337-0242ac120005,实习生-有转正机会
2807129c-f5a4-11ef-a337-0242ac120005,标题：前端开发工程师-TikTok 搜索
2807169f-f5a4-11ef-a337-0242ac120005,标题：管培生（营销/数据分析/会计/商品/供应链）
2807199b-f5a4-11ef-a337-0242ac120005,标题：hr人力资源实习生（员工关系）
28072289-f5a4-11ef-a337-0242ac120005,标题：工会管理员（包住/接受新手）
2807289d-f5a4-11ef-a337-0242ac120005,标题：硬件工程师（光电） (MJ000089)
280742c0-f5a4-11ef-a337-0242ac120005,标题：会员运营实习生
280746c9-f5a4-11ef-a337-0242ac120005,标题：短期实习生（文件整理扫描）
28074f84-f5a4-11ef-a337-0242ac120005,标题：日语产品实习生（非日语勿投递）
28075cec-f5a4-11ef-a337-0242ac120005,标题：数字IC设计实习生（可转正）
2807614c-f5a4-11ef-a337-0242ac120005,标题：海外媒介广告投放实习生（可转正）
2807790c-f5a4-11ef-a337-0242ac120005,标题：政企解决方案经理（滁州市区营销中心）
28078211-f5a4-11ef-a337-0242ac120005,标题：实习生审核岗位早九晚六双休
28078a02-f5a4-11ef-a337-0242ac120005,标题：技术开发
28079220-f5a4-11ef-a337-0242ac120005,标题：招生老师
28079623-f5a4-11ef-a337-0242ac120005,标题：售前助理
28079e5d-f5a4-11ef-a337-0242ac120005,标题：运营实习生/带薪培训/+免费住宿
2807a363-f5a4-11ef-a337-0242ac120005,标题：室内电商工作+包住+实习证明
2807ac74-f5a4-11ef-a337-0242ac120005,标题：磐石项目专员
2807ba5d-f5a4-11ef-a337-0242ac120005,标题：管理培训生（包住+晋升快+高绩效）
2807bfbf-f5a4-11ef-a337-0242ac120005,标题：25届校招-采购专家
2807c406-f5a4-11ef-a337-0242ac120005,标题：IT开发与系统运营（六安市公司）
2807c8f4-f5a4-11ef-a337-0242ac120005,标题：投资并购实习生-顺丰集团丰图科技
2807d481-f5a4-11ef-a337-0242ac120005,标题：信息流优化师岗培生（校招）
2807db8a-f5a4-11ef-a337-0242ac120005,标题：实习运营助理（双休）
2807df5a-f5a4-11ef-a337-0242ac120005,标题：财务实习生（政府关系）
2807e44e-f5a4-11ef-a337-0242ac120005,标题：Intern-上海
2807e858-f5a4-11ef-a337-0242ac120005,标题：总裁助理
2807ebe1-f5a4-11ef-a337-0242ac120005,标题：人才发展实习生（培训）
2807f102-f5a4-11ef-a337-0242ac120005,标题：海外KOL实习生
2807f912-f5a4-11ef-a337-0242ac120005,标题：市场招生专员
2807fd35-f5a4-11ef-a337-0242ac120005,标题：智能座舱产品实习生
28080179-f5a4-11ef-a337-0242ac120005,标题：上海字节实习生ByteIntern
28080592-f5a4-11ef-a337-0242ac120005,标题：达人（游戏）BD实习生
28084aa7-f5a4-11ef-a337-0242ac120005,标题：容器云AI Infra实习生
280854a6-f5a4-11ef-a337-0242ac120005,标题：HRBP（25届管培生）
280860b2-f5a4-11ef-a337-0242ac120005,标题：运营助理/包住/带薪培训（郑州分公司）
280865c7-f5a4-11ef-a337-0242ac120005,标题：桌面运维实习生(J10561)
28086dd9-f5a4-11ef-a337-0242ac120005,标题：游戏golang开发实习生
28087baa-f5a4-11ef-a337-0242ac120005,标题：电力市场及能源互联网产品实习生
28088048-f5a4-11ef-a337-0242ac120005,实习生--广州
2808848a-f5a4-11ef-a337-0242ac120005,标题：游戏数值策划(A233053)
28089449-f5a4-11ef-a337-0242ac120005,标题：IT开发与系统运营（六安市区营销中心）
28089b81-f5a4-11ef-a337-0242ac120005,标题：直播运营实习生-双休
28089f96-f5a4-11ef-a337-0242ac120005,标题：内容运营（实习生）
2808a8ce-f5a4-11ef-a337-0242ac120005,标题：市场部-trade marketing intern
2808b291-f5a4-11ef-a337-0242ac120005,标题：缺奶茶搭子 今面试明上班的快乐客服
2808b716-f5a4-11ef-a337-0242ac120005,标题：商业分析师
2808bb11-f5a4-11ef-a337-0242ac120005,标题：人力实习生-D625013
2808be1b-f5a4-11ef-a337-0242ac120005,运营实习生-抖音电商
2808c845-f5a4-11ef-a337-0242ac120005,标题：2025校招-品牌设计/营销
2808dee6-f5a4-11ef-a337-0242ac120005,标题：新媒体运营助理/专员（接受应届生实习）
2808e690-f5a4-11ef-a337-0242ac120005,标题：产品经理-25届(J21216)（泳池机器人产品）
2808ea88-f5a4-11ef-a337-0242ac120005,标题：ERP软件实习生（2026）
2808ee83-f5a4-11ef-a337-0242ac120005,标题：管培生-业务产品经理方向
2808f7a2-f5a4-11ef-a337-0242ac120005,实习生-国际电商
2809012e-f5a4-11ef-a337-0242ac120005,标题：新媒体文案专员+月休6天不加班+可实习应届
280910e5-f5a4-11ef-a337-0242ac120005,标题：客服助理（实习生）
28091aff-f5a4-11ef-a337-0242ac120005,标题：GTM-25届(J21217)
28091f09-f5a4-11ef-a337-0242ac120005,标题：移动端开发工程师
28092333-f5a4-11ef-a337-0242ac120005,标题：法语本地化实习
280927e5-f5a4-11ef-a337-0242ac120005,标题：flash二维动画师
28092c01-f5a4-11ef-a337-0242ac120005,标题：通信网络运营（芜湖市区）
28093038-f5a4-11ef-a337-0242ac120005,标题：HR实习生（薪酬绩效）
28093451-f5a4-11ef-a337-0242ac120005,标题：‘’景区边”后台岗~不销售有住宿
28093df5-f5a4-11ef-a337-0242ac120005,标题：校园大使-武汉科技大学（2025届春招）
28094831-f5a4-11ef-a337-0242ac120005,标题：产品策划
28094c46-f5a4-11ef-a337-0242ac120005,标题：规控算法实习生
28095747-f5a4-11ef-a337-0242ac120005,标题：2D美术实习生
28095a4e-f5a4-11ef-a337-0242ac120005,标题：实习生（长春）
280962cc-f5a4-11ef-a337-0242ac120005,标题：TikTok运营实习生
280969ff-f5a4-11ef-a337-0242ac120005,标题：行政前台（实习岗）
2809718b-f5a4-11ef-a337-0242ac120005,标题：助理数据标注员（实习）
28097668-f5a4-11ef-a337-0242ac120005,标题：编译工具链实习生-算力基础设施
28097a9e-f5a4-11ef-a337-0242ac120005,标题：视频运营管培生
28097ef4-f5a4-11ef-a337-0242ac120005,标题：实习技术员(会开车/IT网络硬件/外勤)
2809833a-f5a4-11ef-a337-0242ac120005,标题：C++程序分析实习生
28099372-f5a4-11ef-a337-0242ac120005,助理（接受24、25届无经验）
28099b90-f5a4-11ef-a337-0242ac120005,标题：机械类专业专利工程师/专利代理师助理
2809a2e4-f5a4-11ef-a337-0242ac120005,标题：可开实习证明   票务专员-双休  无销售
2809a6f4-f5a4-11ef-a337-0242ac120005,标题：GIS实习生
2809a9fa-f5a4-11ef-a337-0242ac120005,标题：25届-数据库初级管理员培养岗
2809b43b-f5a4-11ef-a337-0242ac120005,标题：新媒体运营文案策划-实习生
2809b74a-f5a4-11ef-a337-0242ac120005,标题：供应商管理实习生
2809c3f4-f5a4-11ef-a337-0242ac120005,实习生(J10373)
2809d051-f5a4-11ef-a337-0242ac120005,标题：医学图像模型训练算法开发
2809d48a-f5a4-11ef-a337-0242ac120005,标题：电商网店运营专员
2809d886-f5a4-11ef-a337-0242ac120005,标题：活动产品运营
2809eaef-f5a4-11ef-a337-0242ac120005,标题：电话客服实习生
2809ee79-f5a4-11ef-a337-0242ac120005,标题：高提成/高薪/主播运营-欢迎应届生加入
2809f294-f5a4-11ef-a337-0242ac120005,标题：传播-运营实习生
2809f6a2-f5a4-11ef-a337-0242ac120005,标题：ONVO-平面设计实习生-武汉
2809fab5-f5a4-11ef-a337-0242ac120005,标题：2026-java开发实习生
2809ff8c-f5a4-11ef-a337-0242ac120005,标题：游戏推广实习生
280a074d-f5a4-11ef-a337-0242ac120005,标题：全岗位实习生
280a16de-f5a4-11ef-a337-0242ac120005,标题：软装设计师
280a1dea-f5a4-11ef-a337-0242ac120005,标题：跨境电商运营助理实习生
280a25b3-f5a4-11ef-a337-0242ac120005,标题：家装顾问
280a2995-f5a4-11ef-a337-0242ac120005,标题：Java开发工程师（可远程实习）
280a318e-f5a4-11ef-a337-0242ac120005,标题：文献综述分析师
280a3b48-f5a4-11ef-a337-0242ac120005,标题：电商运营（接受无经验）
280a3fc7-f5a4-11ef-a337-0242ac120005,标题：财务结算实习生
280a4448-f5a4-11ef-a337-0242ac120005,标题：氛围运营实习生(A115289)
280a4862-f5a4-11ef-a337-0242ac120005,标题：mcn人力实习生
280a4c78-f5a4-11ef-a337-0242ac120005,标题：CRM实习生(004228)
280a53e1-f5a4-11ef-a337-0242ac120005,标题：财务实习生本科
280a5b45-f5a4-11ef-a337-0242ac120005,标题：双休！不坐班！客户经理
280a632f-f5a4-11ef-a337-0242ac120005,标题：行政实习生-D625017
280a6d0c-f5a4-11ef-a337-0242ac120005,标题：客户经理（芜湖南陵、无为）
280a717e-f5a4-11ef-a337-0242ac120005,标题：java实习生_线下面试_武汉_自研
280a7486-f5a4-11ef-a337-0242ac120005,标题：英语AI对话写作
280a7886-f5a4-11ef-a337-0242ac120005,标题：实习幼儿教师
280a7f78-f5a4-11ef-a337-0242ac120005,标题：数据分析实习生（销售中台）
280a902f-f5a4-11ef-a337-0242ac120005,标题：美工设计师（实习岗）
280a942d-f5a4-11ef-a337-0242ac120005,标题：绑定实习
280a9842-f5a4-11ef-a337-0242ac120005,标题：新媒体运营（视频号/抖音号）
280a9c63-f5a4-11ef-a337-0242ac120005,标题：AI算法实习生（视觉语言大模型（VLM））
280aa366-f5a4-11ef-a337-0242ac120005,标题：工作室运营实习生（云上）
280aa733-f5a4-11ef-a337-0242ac120005,标题：财务尽调经理
280ab1e8-f5a4-11ef-a337-0242ac120005,标题：算法工程师-AI个性化和搜索推荐
280ac0cd-f5a4-11ef-a337-0242ac120005,标题：游戏原画师「应届生」
280ac4dc-f5a4-11ef-a337-0242ac120005,标题：控制算法实习生
280acb99-f5a4-11ef-a337-0242ac120005,标题：教育市场专员
280ace7e-f5a4-11ef-a337-0242ac120005,标题：定位导航算法工程师(J10695)
280ad729-f5a4-11ef-a337-0242ac120005,标题：审核实习生
280ae23c-f5a4-11ef-a337-0242ac120005,标题：人力管培生-龙腾项目
280ae9e1-f5a4-11ef-a337-0242ac120005,标题：客户经理（宣城市区）
280af53f-f5a4-11ef-a337-0242ac120005,标题：产品方向实习生（急招）
280af9db-f5a4-11ef-a337-0242ac120005,标题：游戏平台运营
280afd94-f5a4-11ef-a337-0242ac120005,标题：hr实习生(J10100)
280b0176-f5a4-11ef-a337-0242ac120005,标题：平台内容运营（2025届）(A213130)
280b04bc-f5a4-11ef-a337-0242ac120005,标题：GTM 日语实习生（SEO & 用户运营方向）
280b10cc-f5a4-11ef-a337-0242ac120005,标题：自动驾驶数据验收实习生
280bc7be-f5a4-11ef-a337-0242ac120005,标题：全栈开发实习生
280bcbc3-f5a4-11ef-a337-0242ac120005,标题：产品培训生
280bcfd6-f5a4-11ef-a337-0242ac120005,标题：实习生（有人带+包住+5K+）
280bd569-f5a4-11ef-a337-0242ac120005,标题：系统数据录入实习生
280bd986-f5a4-11ef-a337-0242ac120005,标题：电商客服助理
280be2ac-f5a4-11ef-a337-0242ac120005,标题：驱动开发工程师（2025届） (MJ0…
280be7ae-f5a4-11ef-a337-0242ac120005,标题：印尼语用户运营实习生-全球Top3 AI社交产品
280bf82a-f5a4-11ef-a337-0242ac120005,标题：TMT/快消定量研究实习生-25年应届生可转正
280bfd39-f5a4-11ef-a337-0242ac120005,标题：免费住宿/朝九晚六京东审核员/月休8天
280c0172-f5a4-11ef-a337-0242ac120005,（可转正）
280c1167-f5a4-11ef-a337-0242ac120005,标题：捏捏制作师
280c1643-f5a4-11ef-a337-0242ac120005,标题：产品应用工程师
280c198a-f5a4-11ef-a337-0242ac120005,标题：GTM 英语校招（SEO & 用户运营方向）
280c1edf-f5a4-11ef-a337-0242ac120005,标题：电话客服（实习生，应届生）
280c2258-f5a4-11ef-a337-0242ac120005,标题：超鹿实习生
280c26e8-f5a4-11ef-a337-0242ac120005,标题：餐饮运营
280c2eac-f5a4-11ef-a337-0242ac120005,标题：实习生（营管）
280c329b-f5a4-11ef-a337-0242ac120005,标题：实施顾问实习生
280c4689-f5a4-11ef-a337-0242ac120005,标题：25-26届实习生（提供住宿+接受无经验）
280c4aa5-f5a4-11ef-a337-0242ac120005,标题：商家运营文员
280c5305-f5a4-11ef-a337-0242ac120005,标题：产品助理 J15081
280c663f-f5a4-11ef-a337-0242ac120005,标题：会展执行实习生
280c6ae3-f5a4-11ef-a337-0242ac120005,标题：国内电商运营（应届毕业生）
280c6ee5-f5a4-11ef-a337-0242ac120005,标题：招实习生/双休/朝九晚六标注员/免费住宿
280c75ed-f5a4-11ef-a337-0242ac120005,标题：游戏动画
280c7e33-f5a4-11ef-a337-0242ac120005,标题：品牌媒介执行实习生
280c8cba-f5a4-11ef-a337-0242ac120005,标题：质量工程师（2025届-MBD）
280c96fa-f5a4-11ef-a337-0242ac120005,标题：抖音音乐厅运营专员
280ca40d-f5a4-11ef-a337-0242ac120005,标题：政企解决方案经理（宣城旌德）
280ca8ea-f5a4-11ef-a337-0242ac120005,标题：新媒体营销管培生
280cb23e-f5a4-11ef-a337-0242ac120005,标题：后端开发-抖音金融
280cb651-f5a4-11ef-a337-0242ac120005,标题：2025正式批-北京-大模型AI数据训练师
280cc244-f5a4-11ef-a337-0242ac120005,标题：智能硬件产品经理
280ccbb3-f5a4-11ef-a337-0242ac120005,标题：BSP开发工程师（投影）(J10151)
280cd91e-f5a4-11ef-a337-0242ac120005,标题：事故登记员+实习+白班（免费住宿）
280ce81e-f5a4-11ef-a337-0242ac120005,HR实习生(A32811)
280cefb8-f5a4-11ef-a337-0242ac120005,标题：行政人事实习生（可转正）
280cfe4c-f5a4-11ef-a337-0242ac120005,标题：海外运营助理
280d015f-f5a4-11ef-a337-0242ac120005,标题：自媒体运营实习生（可签三方+开实习证明）
280d062c-f5a4-11ef-a337-0242ac120005,标题：【2025届春招】游戏UI设计师
280d0b7b-f5a4-11ef-a337-0242ac120005,标题：测试工程师（2025届） (MJ005…
280d13f8-f5a4-11ef-a337-0242ac120005,标题：市场实习生（品类管理）
280d1c79-f5a4-11ef-a337-0242ac120005,标题：IMT国际管培生（东南亚方向）
280d2232-f5a4-11ef-a337-0242ac120005,标题：电话催收客服    免费住宿
280d267c-f5a4-11ef-a337-0242ac120005,标题：门店客服专员
280d2e80-f5a4-11ef-a337-0242ac120005,标题：咨询助理（J5088）
280d32a0-f5a4-11ef-a337-0242ac120005,标题：遥感影像标注实习生
280d36af-f5a4-11ef-a337-0242ac120005,标题：前端开发工程师-2024/2025届
280d4411-f5a4-11ef-a337-0242ac120005,标题：电商运营实习生5000-6000元+单双休+上班晚
280d620a-f5a4-11ef-a337-0242ac120005,标题：行政班包吃！6000+五险一金不试岗
280d74ec-f5a4-11ef-a337-0242ac120005,标题：市场推广岗（北京）—2025届春招(J11605)
280d7bfe-f5a4-11ef-a337-0242ac120005,标题：文旅事业部实习生
280d8001-f5a4-11ef-a337-0242ac120005,标题：通信网络运营（铜陵市区）
280d850a-f5a4-11ef-a337-0242ac120005,标题：电商-营销费用实习生
280d9ac6-f5a4-11ef-a337-0242ac120005,标题：【浙江新东方】平面设计实习生
280d9ee5-f5a4-11ef-a337-0242ac120005,标题：移动C端UX产品设计实习生-抖音
280db83a-f5a4-11ef-a337-0242ac120005,标题：在校财务实习生
280dbcf4-f5a4-11ef-a337-0242ac120005,标题：初级量化研究员（实习可留用）
280dc539-f5a4-11ef-a337-0242ac120005,标题：数据标注/AI训练师（实习）
280dd8c9-f5a4-11ef-a337-0242ac120005,标题：电商设计实习生 (MJ002263)
280de5c5-f5a4-11ef-a337-0242ac120005,标题：新媒体实习生（双休）
280dedf1-f5a4-11ef-a337-0242ac120005,标题：产品培训生（北京）
280dfde9-f5a4-11ef-a337-0242ac120005,标题：网站运营实习生
280e01ef-f5a4-11ef-a337-0242ac120005,助理（支付宝）
280e0f7c-f5a4-11ef-a337-0242ac120005,标题：设备开发助理
280e147a-f5a4-11ef-a337-0242ac120005,标题：纪检实习生
280e237a-f5a4-11ef-a337-0242ac120005,标题：跨境物流实习生
280e2699-f5a4-11ef-a337-0242ac120005,标题：政企解决方案经理（铜陵枞阳）
280e2a9b-f5a4-11ef-a337-0242ac120005,标题：产品中心设计师管培生
280e2d9c-f5a4-11ef-a337-0242ac120005,标题：ERP系统实施前分析调研专员
280e3886-f5a4-11ef-a337-0242ac120005,标题：青少部行政实习生
280e3c7b-f5a4-11ef-a337-0242ac120005,标题：【2025春招管培生】助理业务分析师（广深）
280e4476-f5a4-11ef-a337-0242ac120005,标题：纯接听热线客服
280e4962-f5a4-11ef-a337-0242ac120005,标题：招实习生+资质审核专员+免费住宿+早九晚六
280e5475-f5a4-11ef-a337-0242ac120005,标题：战略研究专员（应届）
28103a0f-f5a4-11ef-a337-0242ac120005,标题：客户成功经理（实习生）
28112eb7-f5a4-11ef-a337-0242ac120005,标题：游戏场景原画学习生/培训生
28125939-f5a4-11ef-a337-0242ac120005,标题：安全服务实习生-南京
283bd722-f5a4-11ef-a337-0242ac120005,视觉传达设计（短视频拍摄剪辑）
289d3ec22a994dbf9d94647f514e638f,
28a93b3222884a2a9014ab0bde0f0068,
2913824d09304d6cab3370923c075958,公告
2991ed7c259949b8b6eca9e79ad77b4a,火热报名中！
29bcda0d490c4baf983f9f73445039bc,简章
29e18891a8a9438f9667557d83e21f4f,公告
2ac90aad837648cb97b6c553440a1f38,启事
2acf294d9e9e44848fe7f0e3707909e7,| 学历：本科、硕士、博士 | 月薪：9000--9499 元 | 工作地区：山东省 / 青岛市 / 崂山区
2b2e74667d2d4121961a89b7a3615f83,| 学历：本科、硕士 | 月薪：9000--9499 元 | 工作地区：广东省 / 广州市 / 广东省广州市天河区
2b77fcc38b8841d68105f831d9e025d4,简章
2bf13c4a90e9449d9cb03562e0c24140,
2c6d8bf0e47e42079a7cd79aeb61c9e9,正式启动
2cb01019443544dab0a27f44ee88b1c6,公告
2d037d6fcc2f416da042df403622acee,
2dc1aa2d1f0e4845a994d3b964472baf,
2e6b35d2ed8742f39113a17f75437f73,| 学历：本科、硕士、博士 | 月薪：面议 | 工作地区：浙江省 / 绍兴市
2e79380dfc5a41fcbcbee523bd427cee,正式启动！
2ea211d7d5344ce985d772d9c7c3d0e5,方案
2f54319bad6d413b9eaa988302c03296,公告
2f75351acbee4675b3d2140e3a9253a9,高层次人才公告
326ee9d8c7d34550a745b6dbe9e7d945,公告
32dd718b63b54bfb84481420cfe1e6df,火热进行中！
33292b102b074bfe9fdb9ded01e0f3b5,简章
33f73c88bae34a7c9e6a099cb6bfa5be,
347adebb61c74cd28ac1a596ea855005,
34b9737ece9f4656902162d2792ac5bf,
34e30182c17742df8be976465432ad7f,
361d62f7dd684f448fb422948091876e,
36be831b07344d27a8ba93534c273a8c,| 学历：本科、硕士、博士 | 月薪：面议 | 工作地区：北京市 / 市辖区 / 西城区
3750b33c6d8f401c92f8f2aa88b09ef9,
37898bf53c484e63999ae3cf6a4f3f3a,| 学历：本科、硕士 | 月薪：面议 | 工作地区：北京市 / 市辖区 / 海淀区
379ad7b8a7e045cb85724786bb6248f0,
381f0b4f833d4429a03f6f5daf87c84b,——营销类
3891b0d5d5c6420fbdba7601bda6bf56,公告
3ada2c39db534c5a9e77e8492f8df53f,
3c17ef6dca60467e9ad02beae5c0f0ec,公告
3d45c92fdec648fba2dd861309c8bd4d,
3dbe38bbde0e4025b93aec9658a53e3e,公告
3e40152029554934a4a6e9b19851e8d2,| 学历：本科、硕士、博士 | 月薪：面议 | 工作地区：广东省 / 广州市 / 广东省广州市南沙区
40449e690ce64c899e5a99ceb472b6d5,| 学历：本科、硕士、博士 | 月薪：面议 | 工作地区：上海市 / 市辖区 / 浦东新区
4184a71b64c34f51ae2b3b517130c163,| 学历：本科、硕士、博士 | 月薪：8000--8499 元 | 工作地区：山东省 / 青岛市 / 崂山区
41a6954426df42879a1f864f58ce3bb9,首届全国 AI 创新大赛  即企业定向人才内推项目简章
42cc8262944f47cb8aa8aeaa2da4711d,
430f54d26b5747b68b5708e2ad9500ef,公告
44bd803e144f4b6f9fabbcabe0d893ff,
4517fc6c2bf14359aa77b9ac94e70aa5,
45874ef6689b45ba851befe499ca8fe1,
45b0a16a62b047e4b7150b27acde6d7a,| 学历：本科、硕士、博士 | 月薪：面议 | 工作地区：北京市
46ee010904c84dccbca84b66ab213e16,
47068b836b154f689180a66a1da793d0,简章
475cb301912743a1a518f7ad9d38bb2d,| 学历：本科、硕士、博士 | 月薪：面议 | 工作地区：上海市 / 市辖区 / 闵行区
47961e7988ac4c2481ee8a635fc96b54,| 学历：本科、硕士、博士 | 月薪：面议 | 工作地区：江苏省 / 苏州市
489a0cac1ef54e0caaf9d518953186a3,简章
489e90917ffc45f1a27bba4753b48191,简章
48b84a86167743a7b261e973ae7c2b3f,| 学历：本科、硕士 | 月薪：14000--15999 元 | 工作地区：北京市 / 市辖区 / 海淀区
4905ba3df00340dc86c543a36d8acd90,| 学历：本科、硕士、博士 | 月薪：面议 | 工作地区：云南省
49c564d897fe4362807c89fc388ba7ae,
4a2e23a08447464e93c56dd6651e55c0,| 学历：本科、硕士、博士 | 月薪：面议 | 工作地区：上海市 / 市辖区 / 浦东新区
4afbd862d53348359620123924d430ff,
4afcee6c4498450185c1f82984481ca7,
4b60c5f34298422299509a6c86941c64,
4df3b591edc3472abcc3fab7bf2d6524,全面启动
4e6211e4e407461bbeb98bc372525b9e,
4ea1d74c0f8a4c84b754a2720003723e,
4fca8a3951ab48019cae15579a5a11d8,| 学历：本科、硕士、博士 | 月薪：面议 | 工作地区：湖北省 / 湖北省武汉市
504d4740761f4db7966f92ca62c1893f,
508acb6d23ee45ffad01247af268de08,高层次和急需紧缺人才公告（第一批）
50ac9cdf035e45fbb2a2a3ef5bbb1734,
5135a58fa1214555b830c6fbe3ccfa58,
51402d9c4fe14bada01e4b54cd3db708,
51fa245e46b74f0ba9fd78629da1dfc8,
537bf8cc16504483894c3f1d06557e27,招聘简章
539c22b8bfa746b49241d24d906a73e3,
53de7f3557b34bbd820e2332036ed409,| 学历：博士 | 月薪：面议 | 工作地区：安徽省 / 芜湖市 / 湾沚区
555c0b41c8a04f9bbd0c9ea3f02a403e,
555f3dbecbfa42fa9850be968efda79a,
558158db7cf14f98afeda1785f4d1448,
55da69868ca44a5f967cb41a7cd498b8,
55e3fbe6cf114e2eb77b8d0b02cc7d55,
55e469de6698488b93cdb64452a78575,）公告
560dbf3d600340a586f9d5b7a589a062,
566e420cabd54f058faf70f1caf5741f,
568bf41a5b9f45409c1aea213c1e5a9e,
577f50b1ce134cb68a83daf0e935690e,
5867ca071d0a413a8e6921456d3adf1f,简章
58a72383ca50415ea8c8c08434052813,
5966df992dbe4f4ba8cb5a86004c0a1c,高层次和急需紧缺人才公告（第一批）
5a49f7c880c340c3888dddd3374b2ee2,全面启动！
5ad61cdbf4164d1c9d98fe9e757b293f,启事
5c8bd5f9c7a94a33ae3a83868ae307b6,简章
5cead0011a774b5b8f60db8c5777ee9d,| 学历：本科、硕士 | 月薪：面议 | 工作地区：北京市 / 市辖区 / 海淀区
5d277e6d657b465284892df08e7c8291,（管培生和战略产业人才招聘）公告
5dacf62443394876a07b7e9bcb3b9f67,简章
5db9b173d1bb4943a2ddc71e62cded02,&实习生招募启事
5ddfc3f8d61a4c0db234edb30166b136,
5de0cd854b3f442f9cb24ddac91391aa,简章
5e7c6d7f0e614fa98c3294c72f89be4d,高层次人才公告
5fd1e39f229a49f8b18ae4b637337c3b,正式启动！
5fea28ffcc904c3db155510198ddccab,公告
605821764b474f23a6b59ea65ed0b67b,
6107d77109e7437491f9fa5a6e88b05c,公告
6164924818c0454b9afb387cf7e91584,
623eefd6698941fa82bc36062ef5e1a2,
62685fc9ca4446818049fe6342243dd2,| 学历：本科、硕士、博士 | 月薪：面议 | 工作地区：上海市
62c05375077946e28a36cbab2115998c,
6451aa91c6ec43c9b5d02fda30d179b5,
64b5f8edad77466c8046d100dc193f15,
64f91f691d344a068570fcf502e08250,博士教师公告
66a2c638377c4501a1e2ddfd1e6a3670,| 学历：本科、硕士、博士 | 月薪：面议 | 工作地区：境外
67ada5f3343241d6ad7413f127a9166a,| 学历：本科、硕士、博士 | 月薪：面议 | 工作地区：上海市
67f9d0fba6f84f75b1f5e391dd0c6a8f,
67fb9229465c4ab48c3d2c2a6fd842e5,简章
68b2303511204799815ecb0ed5442e11,
6909b6ba5609400290a117ce431998b1,| 学历：本科、硕士、博士 | 月薪：面议 | 工作地区：浙江省 / 浙江省杭州市
6a705f68644f4254a18871b5a29aa98a,与“宁”同行，“银”领未来
6aa541803500497e93672b6fbff65b59,公告
6ad9349671cf43faa0f038cbdd48c40c,
6b545dc1bc2e4d9f9ecd6bc6415da3c9,
6b6c599edd5844579044c333b9344aac,专任教师公告（第二批）
6bcf279338384b36b73f5defed616652,公告
6c52bc25eed04f3cb857913b93e00781,
6cba3b8c502b4b7cbf88796da1b8b26e,
6d254df5915445ecbf36c251911f0d76,
6d5d7f061bec4835bd13991c1c7cc455,
6d65e2a25a8c42b38179f98714a89ebf,| 学历：本科、硕士、博士 | 月薪：20000及以上 元 | 工作地区：广东省 / 深圳市 / 广东省深圳市宝安区
6d7318a8dfdb40dbb3d14ddf05ab0d99,简章
6da5435b45ce4c98b666a66ef410fdd1,
6dcbc4de20564bf0b63c3a3033b8a9e7,公告
6e61bd1d3bd9432f8431402041601005,
6e8b2faf3bd04f40965eaf21b94aece8,——AI研发类
6ff497f789bf4343ab2ae4863c5a9303,| 学历：本科、硕士、博士 | 月薪：16000--17999 元 | 工作地区：北京市 / 市辖区 / 海淀区
706d8570fbe84a9aa0bbdd4879d6d4de,
70b9c2a687114a05bfae08f2198cb627,
714c7784c4c44497a52c8c4718a47366,
718c6e0f90f749af927e7c48ddcb236f,
71e79c2bdca7499ba7ba603e86daf4aa,
721f744b5e8a4132bfab831e7718f067,
7292722ecdeb405cb98f3994507eab82,| 学历：本科、硕士、博士 | 月薪：6000--6499 元 | 工作地区：四川省 / 成都市 / 锦江区
72994d2d158f42b1a4d31f4ff06685c3,
72af79c1cca24a31bf3935f0aaae401e,
7352e0ce8f834a739747228b33d30178,正式启动！
74792b0ba21641ceb489dab65bc6f894,
7497f966bd104028bba1e7fedd271472,
74b5d01eb9214c7ea607aa3a8d2878f7,正式启动！加入科赴，拥抱你的未来！
7768e2b35531478faa3d52ddd42547d2,简章
778b53246b09404fb093594a8959d3db,
77ba32b53644413a984a5fed34bcef0e,启事
77bc66cf1978483ba63c8a6c781e8f6b,
77e488634f674529bdd55416c65a6954,）公告
77f88213229f43cf994480b21e47bd5c,
788741ef691b443da75e534e7cea14f9,
7b88d8ee353a4d79bf1251f76f77db35,| 学历：本科、硕士、博士 | 月薪：9000--9499 元 | 工作地区：山东省 / 青岛市 / 崂山区
7babab9d2a144dd182910b6954e7f64d,
7c521fdc21684633bb1ea101a2c58a63,简章
7d6787184f184014968a71276c17cfe0,
7db1c85d2a894ae19e7586a85e1631a5,简章
7e604d38481a4d5999ddab2accbae281,公告
7f93539e54784e8193a714b0185fd526,公告
7fd509f3b96644349c967077e3976d71,
814c54768a8e4a988143fe9af98409bc,
81917faf7bbf4a3399c59b8eb3c56e7c,正式启动
821607411f4c4f4c876e56611cd49d6d,简章
825cb403f4d54c5fa5a2f58db86c78b4,青春合伙·向上人生
828c5413586e4908adceace08efe04e0,| 学历：本科、硕士、博士 | 月薪：9000--9499 元 | 工作地区：山东省 / 青岛市 / 崂山区
83ff807c042f4a3cb4c36a8102704476,
84450291156942b98484c21a6e9c47bc,
848779d8340745908c534764ec95c1c6,信息  （第三批：高层次技术人才招聘）
84bbfe2f69b244818e05404d3d13dae6,
8674238de099429692e676fcf8a36031,
86d2976439314d70ad43c3638823a84c,
87993401ed424f71be6f46a2c521cfee,补录
87eb3cf2c9d84919b859c7a4652548f5,公告
887579bc779e438c8dacba76d9e9d6a5,| 学历：本科、硕士 | 月薪：10000--11999 元 | 工作地区：北京市 / 市辖区 / 海淀区
88eea11f8b5d450ea61e2b7131661776,公告
8986c525548746199538cc5b741cd9b2,高层次人才预公告
89e9f26009c14fc89b7eb54d0eeb42ec,
8a163f79ac4b481da2dc4174688bc0ef,简章
8a57a018bb3148578eb0222d5269bfb5,
8adae22942584b88b646f33b2d1c5555,
8b76a0d4cd79464aae36c337e4a96ad8,| 学历：本科、硕士、博士 | 月薪：8500--8999 元 | 工作地区：-
8c13423c9fe84ce6ad1ff937a983e683,| 学历：本科、硕士、博士 | 月薪：9000--9499 元 | 工作地区：山东省 / 青岛市 / 崂山区
8e11428c17064858a9594a89659b6b3a,
8e4491c3774a4c9c991c55eb69b2cf39,持续进行中！
8e82957210324cce9d1a660be55242f1,高层次人才公告
8eb65f751f664693a2c5df0c3ad76813,工作人员公告
8f30d7f1663e48aa957528eff31eabe8,公告
8fa5ba8f2177484289562dd02a36e89b,
8ff9af42b4424be0a709bf89ba3294df,简章
90a356328b2f4c95ad359445e887f402,
916bc2f2748d48caa5ade9f57e5adf37,
918e4d1e0e5d40a093afc5b940dbb9cb,| 学历：本科、硕士 | 月薪：面议 | 工作地区：北京市 / 市辖区 / 海淀区
919406c0bdde4404839eb231bf484474,
92ee4f50fa9a4a88acc8d33badb9c8cc,
9324333491b44bf8a4e8f448838a8507,
954c4711aa8a4f58b9260b9ec570a5fe,公告
9576ec5c004a474b9021619c1de105cf,
95caabbd5e8344d0bfc80a536a76e4b7,
96dcba34baa1487986166d73e69622a5,| 学历：本科、硕士、博士 | 月薪：面议 | 工作地区：浙江省 / 浙江省杭州市
972de2d8907a496ba8c298f0ac0eadc1,公告
973ddb28da974fdf9bf8fa9bb8d98cfe,| 学历：本科、硕士、博士 | 月薪：面议 | 工作地区：-
97410529f01149e9b069fea09fa52bdf,——研发算法类
97c69fbf9d224a0b946fe7b44b797d6a,计划
99c42f0bdd964ce0979ac801a8ad600a,高科技专场正式启动！
9a0b39610fb1426c911164df9fb5433c,
9ac5e008869f40e2bd04d164b3f34754,
9b3d95f19fcf4985a81d0eaf5b12af1c,正式启动
9bf1aeb591eb4512b48dd7b22ec6e28a,
9c5e4ed3b8a64982a6b84622c2809f18,| 学历：本科 | 月薪：2500--2999 元 | 工作地区：上海市 / 市辖区 / 浦东新区
9c9caa374ddc496c9a1e49a06baf2c42,| 学历：本科、硕士、博士 | 月薪：面议 | 工作地区：江西省 / 江西省南昌市
9d1fe1323afb4b64b7d090259b50e1bd,
9da037d7872941dfa6cabdebb92dad49,
9e19fc601cd9418c926cb9cd071e311e,公告
9e9e9b3e53d345daa46ac0bcdf081d6a,
9ef33b55677d49c3922f2dcafbfea4b0,暨暑期实习生
a0554c8009854b32afc0f12e7a6d657a,
a1ad6086016c4faca82c9d7f0c2f7fe3,
a1dc37ecbaa8422a9ecfcf581370458c,简章
a23011ea8a994417a7275d1104605792,——交付类
a301e6254c1b4243ae5b8993c48e13e5,
a45a52dc54044642ae7e2490d0b8c5a7,
a56591f6f8054ec08e2c09775992be24,——职能类
a57292b14b9743ba95f423424574a74b,
a58226623621462395f08538f13b1b2c,简章
a6dd272be0194e9ab9dc8c5675ddd0a5,
a70e4bdf3b6243978fb22c17ec3f53ae,
a7c5cdb4503443098b25c1a63e661d96,
a85a0c0382d04970a0ea91ce0d78e7a9,
a894892662d541f3ba9875632e4dd384,正式启动！
a8f5ef3da605485a9c146fc7244a0238,
a91e3e43ff42439fbacd8f555b0fe852,——产品类
a9c243383abb492a91d01400cedf1424,
ab7772e9eca2475fbe3cbc61d979e0c4,
ace162b062ec4f78bf43f50421624872,
ad2272a5dd314d9e8ab9acb12d8ac0c4,招聘简章
aed84cf3c4ba40b1befafe34a989f06e,启事
af5d8976d8994785b66b946fb162a99f,|前海国际事务研究院
af7fb035b22b4fb3a3dbcb1b614a03f0,公告
b061e408b80c43438929ba0fa14a71f3,| 学历：本科、硕士 | 月薪：面议 | 工作地区：北京市 / 市辖区 / 海淀区
b0b0f75b2b26456aaf01ea7c41311457,公告
b17c44c6cec941369de62093f7d022ea,| 学历：博士 | 月薪：面议 | 工作地区：广东省 / 深圳市 / 龙岗区
b2721f79c0e544359c0d23ffe0e5cadb,
b2e3dd38b61146baa0d4d94e69ad1459,启事
b397307edf9749deb449a0e48c386270,启事
b3a741784e5d4325b0af3ed6cc701163,
b4e4d9f8f182435880ba1411e5087b1d,的公告
b50d859f49b048fa99042b81d18d3f2c,| 学历：本科、硕士、博士 | 月薪：面议 | 工作地区：广东省 / 珠海市 / 香洲区
b64573aa8bf241a9a7e1726e3e1cae50,
b7075fe042c9437ca7e829e78978761c,
b770e4ed30eb4a08b9e7fcb9e12704d8,
b7a684e3b13a4afc9fb68ad18c101e88,
badf89d2c3854d6ab542387defb2ca22,启事
bbc6b8ee11334a418319cdf5a193d335,
bca21c7aa4f748e2978cd0930b7a844a,简章
bcb9de2d22164a47a3157066bc451900,简章
bd4f2db9d6c74bb4bb5a5754508f44ff,| 学历：本科、硕士、博士 | 月薪：面议 | 工作地区：江苏省 / 苏州市 / 江苏省苏州市市辖区
bd6db11c8e5f478d8bdf1f5d57a3d5f4,高层次人才预公告
bde340247a2e412caa3fc23ae0f18f6f,
bdfccaed907e42c8931401be9ad26923,
bdfd447dcc994895bd51e504c5757eba,公告
c0210f77955c43cabf7158f0594ea5a1,正式启动！
c073862d9ebb491cad3809f8ca79372f,启事
c0f2486d036746bc91e8234625986f6f,
c18d262286ef4f659853c19b9f1b4dcf,
c1cccd4eea54455fa532912b1572050f,
c266af1243b24865981ccc6ffcea558f,公告
c29c4d830e3045169e2e977039eb2d4b,| 学历：本科、硕士、博士 | 月薪：面议 | 工作地区：北京市 / 市辖区 / 海淀区
c51105a2ef8044a18339f903d839e30e,博士教师公告
c5392c42e6d64555901f81238ed4c8ab,| 学历：博士 | 月薪：面议 | 工作地区：广东省 / 深圳市 / 龙岗区
c59ba5e4a22d41c5ac0a5c5bcbc4ca33,正式启动！
c70594e4fca543ef889661ff7dd348b0,
c74584fe2d8149129303d39b66c85d17,启事
c89338e69f5b4d138ef44312386c632d,
c8b086f1512d40d0a979854128695fdb,公告
c9b2629c821943cba1fa0576c8a6d5ee,简章
cae084fc90504edb98c8df386e35deef,
cae6208544ba401c93ec9195b94109a5,
cb4f9667d6db490d9d3827b084d89524,计划简章
cb52db763f5643ac91a228c64a3f7fad,
cbb261b1c002491ca3cb6161cf9ade26,
cc96dfdf49e84a2089523a3e488c8974,正式启动！
cd21299995f84845a0a6de4d7d8df29b,
cdefd0c8c0e044909870bbdc1a7f4d1f,
ceac75889a8e4d94aad0cfbf23f2a8bd,公告
cfab7865e4b049b2bbcc2b8bbe9b42db,
cfd5cab614ec4080b89288325b251e7e,公告
d04b36e08d974872ac7dde7dbd76b680,| 学历：本科、硕士 | 月薪：面议 | 工作地区：北京市 / 市辖区 / 海淀区
d070619dbc074d589e251e153a7e6231,| 学历：本科、硕士、博士 | 月薪：面议 | 工作地区：广西壮族自治区
d1c9cf433fa9460a94bde36c3761ce3a,简章
d2a0a53f30774a76b82b955ab2c9fbbe,| 学历：博士 | 月薪：面议 | 工作地区：广东省 / 深圳市 / 龙岗区
d3697584ecb14fa68155539fb55e2b9e,
d38fd2b4d37249e3bb89acf80baec287,启事
d58aab92fc384efd87fd3942f91e2c61,会
d69f4b9c0db24684bd26858dfc2cbf2c,
d776d675fee741a6a76849c48fb09d0c,
d7c0f264373e4f469fe485428461787d,公告
d81d0e9d647340f5851e14db98c52b57,| 学历：本科、硕士 | 月薪：14000--15999 元 | 工作地区：北京市 / 市辖区 / 海淀区
d8f12b18e91d416db86385141c7291ef,| 学历：本科、硕士、博士 | 月薪：面议 | 工作地区：浙江省 / 浙江省杭州市 / 西湖区
d964211c99d24a52b1195cc0a15cabfa,正式启动！
d99d05fe282741c9b3d276b666a59290,——设计类
d9e63142ddc84ab988df3869147695b7,简章
d9f157e064ae4789a3b4b7eff04b89b3,| 学历：本科、硕士、博士 | 月薪：面议 | 工作地区：北京市 / 市辖区 / 昌平区
da7878a55d8546588dd95c431547ef21,公告
db574b691e7e426bbb7cbdfe25c30835,全面启动！
db9664c70eab4d9bbcbb6aab53c643d0,
dbc6b8de404a416f9ac5042241dbdea3,| 学历：本科、硕士 | 月薪：面议 | 工作地区：陕西省 / 陕西省西安市
dbca2330161e49e0a23316b22fb97d6b,
dc4be727c00c4baf94460b1599d6e73f,简章
dc6518553c9d4f5b80f64565d2fc1b5d,启事
dc77525eaf5144e29bb3b39280f39c1e,
dd7f9c7b04eb46d1a44bc1a299005d74,
de318aa508534d57893b10690607333c,| 学历：本科、硕士、博士 | 月薪：面议 | 工作地区：江苏省
def43ff367bd4f609402e5416e5953ea,
df011e5dce58443fa65e578a164912e4,| 学历：本科、硕士、博士 | 月薪：面议 | 工作地区：北京市 / 市辖区 / 朝阳区
df900db284e64aeaa7abf7bd3353918c,全面启动
e02cdb12191446eeaeeec09eb02cd39c,
e0598eea15b24b47a547d7a90e214539,
e18a342510d24b40ac3d1cf22a990d04,
e1bffae49bc0462889bea98f4dff0c8d,公告
e244058955504877a055f5e90f23ea82,| 学历：本科、硕士 | 月薪：面议 | 工作地区：北京市 / 市辖区 / 海淀区
e2a3a3d356f54115940f92f662dcdfaf,
e2d853bb3df9427ebab2b0d65ad7c20b,
e307682ae6874cc1ba068e0b2483784b,启事
e317a0b286994bf7a134eda17eff9cd0,
e33688605f42426185360cac42dde33e,
e4a540bfbedf490aafde5013c5445fde,公告
e6934b76604b41d192626baf34e60179,——医学类
e6a1e7ac378949978a26ea0280c12681,
e76e5c8807dc4fb48d9c12cbe214421e,
e7ab655271ae45749c2a7c0a897b4536,公告
e7e6f2f52aac4b17bdffc609138d5df9,简章
e7e8d4de49774dae8527562227147cfb,
e85ac92e3fed47e3922add03b0041bd7,公告
e979835fb9854a859ba46360a1e9fbb4,——教育类
ea1dc69395f744adb7e189455c425582,| 学历：本科、硕士、博士 | 月薪：8500--8999 元 | 工作地区：山东省 / 青岛市 / 崂山区
ea8d756979b74e27b2eea6a604866a11,公告
eab6b7b996674735bf4f355456d52f58,
eb2debd08bd1407b96f8ff326e6dbb65,
eb3f95c3c0f84972a5d4ab6695e5b86f,公告
eba57a750c6446b0994a0e08db968c6e,
ebb5bf6478f14371a5f8762ca6fa6a52,
ec920493ad974117ab5a40f025da5137,企业简介
ec952c76ac71436e9bcbe4c2529f2b93,简章
ed3de5d80b6b436d802bf0c0448b8096,| 学历：本科、硕士、博士 | 月薪：9000--9499 元 | 工作地区：山东省 / 青岛市 / 崂山区
edab56fd1e4b4331beaaf6cf4305ea20,公告
ede26cb5bbaa434495abf0e17d6d9681,简章
ee8a25623a35485e8c2d4092828212a1,| 学历：本科、硕士 | 月薪：面议 | 工作地区：北京市 / 市辖区 / 海淀区
ef06903752434190b5f1cdd88709f501,
ef323c0adb444c2196a2a5a067f6de7a,
f09165b9e81f4dd38ca8c65b9d0012ca,| 学历：本科、硕士、博士 | 月薪：面议 | 工作地区：湖南省 / 湖南省株洲市
f0a5aa88b5f94e9a9f18fadb0e720dde,简章
f191fd05d1f44e7a95af5feb695409b9,| 学历：本科、硕士、博士 | 月薪：面议 | 工作地区：北京市
f1e5091619194317b7dcbc724e277245,
f209ae8c831149129ab1b826ee4ac994,
f28162be47c94e59848cedb4e2ddf0e8,
f2bade8e50094689aef17dffacc3a788,
f2f155d0e0aa4b08aa61e54da49feccc,一起打开有意思的未来
f33f64acc54243419a0f2ca79c7676ee,
f3441c2d6a7e4931a74565949a0d00fb,会 暨“无比爱才 锡望您来”校园嘉年华活动
f347540f61bb435392a38502c88f3520,
f4a931bf88704067b7226ca87d05beb8,| 学历：本科、硕士、博士 | 月薪：面议 | 工作地区：上海市 / 市辖区 / 浦东新区
f4c7d2f6ca924f7fbbc171a59825ce74,
f4d7e72a712e482da51f6cfee2ea2aa0,
f584ae9bf1cd40119710bf58a21ef77c,正式启动
f645a14cc45f4f1d8b3e6511ca6167a4,| 学历：本科、硕士 | 月薪：面议 | 工作地区：北京市 / 市辖区 / 海淀区
f7404428d1e94f7cad46f3a9907ba998,
f8a097084cad40caa041e766343919a9,| 学历：本科、硕士、博士 | 月薪：8500--8999 元 | 工作地区：山东省 / 青岛市 / 崂山区
f91e2769334f40d78ce746edcdf76b7a,
f973fc0e18794c188c13eaa35334cd1f,| 学历：本科、硕士 | 月薪：面议 | 工作地区：北京市 / 市辖区 / 海淀区
f9d361287f084be38a1d8678f3288638,
fa20e67a19fe44d992f07d660d882218,正式启动！
fa4dc7444f5b4c39962dfb923d83dce1,&「NOVA」训练营实习招聘正式启动！
fa854d324f88491d9e056907a78c9265,全球启动！
faca9d8f8bfa40e99bd583d5e6b62c07,| 学历：本科、硕士 | 月薪：面议 | 工作地区：北京市 / 市辖区 / 海淀区
fbc79cd6f4be4b82a7afef9deecab323,
fc8923b555f945658caaaa9d84584295,简章
fcc37b54aa234d48ac21b54645efd7a1,| 学历：本科、硕士、博士 | 月薪：9000--9499 元 | 工作地区：山东省 / 青岛市 / 崂山区
fdb1ff7ab2fb4ddb8659df4100ded442,(工程技术岗、职能管理岗）)
fdf3407859624ba88c5672902f7e000a,
fe51fc84a7b848ae9c304c9522e0bb64,
fe908fb2d3884b3c9824c91f8ca4c647,
fe9b53265a344dc4ad30534cfa98c9d4,公告
fe9c84790c4845f9b88f5bc6ebe1e7fa,
fec62a61bee7479b82790469c8a2bf34,
ff81db77d8c84b59926d0199e3eef88b,
